{
  "Disabled": false,
  "Testing": false,
  "ScheduledForDeletion": false,
  "InstalledFromUrl": "",
  "IsThirdParty": false,
  "EffectiveVersion": "1.0.6.4",
  "IsAvailableForTesting": false,
  "Author": "Taurenkey & Puni.sh",
  "Name": "Artisan",
  "Punchline": "A 'simple' crafting plugin.",
  "Description": "The all-in-one crafting plugin.",
  "Changelog": "- Please visit the Discord for a full list of updates.",
  "Tags": [
    "crafting"
  ],
  "CategoryTags": null,
  "IsHide": false,
  "InternalName": "Artisan",
  "AssemblyVersion": "1.0.6.4",
  "TestingAssemblyVersion": null,
  "IsTestingExclusive": false,
  "RepoUrl": null,
  "ApplicableVersion": "any",
  "DalamudApiLevel": 7,
  "DownloadCount": 0,
  "LastUpdate": 0,
  "DownloadLinkInstall": null,
  "DownloadLinkUpdate": null,
  "DownloadLinkTesting": null,
  "LoadRequiredState": 0,
  "LoadSync": false,
  "LoadPriority": 0,
  "CanUnloadAsync": false,
  "ImageUrls": null,
  "IconUrl": "https://love.puni.sh/resources/artisan.png",
  "AcceptsFeedback": true,
  "FeedbackMessage": null,
  "_isDip17Plugin": false,
  "_Dip17Channel": null
}